"0","logb(3, myNumbers)
"
"1","[1]"
"1"," 1.5849625"
"1"," 0.7924813"
"1"," 0.6131472"
"1"," 0.5283208"
"1"," 0.4771213"
"1"," 0.4421141"
"1","
"
"1","[7]"
"1"," 0.4056839"
"1"," 0.2717285"
"1"," 0.2396118"
"1","
"
