"0","logb(myNumbers, 3)"
"1","[1]"
"1"," 0.6309298"
"1"," 1.2618595"
"1"," 1.6309298"
"1"," 1.8927893"
"1"," 2.0959033"
"1"," 2.2618595"
"1","
"
"1","[7]"
"1"," 2.4649735"
"1"," 3.6801439"
"1"," 4.1734173"
"1","
"
